{
  "precision": 0.030008808456117874,
  "recall": 0.9993333333333333,
  "f1": 0.058267900178807425,
  "auc_roc": 0.5253229072164949,
  "tp": 1499,
  "fp": 48453,
  "fn": 1,
  "tn": 47
}