{
  "precision": 0.8304347826086956,
  "recall": 0.6366666666666667,
  "f1": 0.7207547169811321,
  "auc_roc": 0.986646,
  "tp": 955,
  "fp": 195,
  "fn": 545,
  "tn": 48305
}