{"semantic_risk":0.5060306745,"velocity_1h":42.0,"proxy_score":0.0,"amount_deviation":2.2788073604,"is_fraud":0.0}
{"semantic_risk":0.5650916318,"velocity_1h":35.0,"proxy_score":0.0,"amount_deviation":1.5207674316,"is_fraud":0.0}
{"semantic_risk":0.5119159597,"velocity_1h":34.0,"proxy_score":1.0,"amount_deviation":1.7358267086,"is_fraud":1.0}
{"semantic_risk":0.9721863721,"velocity_1h":24.0,"proxy_score":0.0,"amount_deviation":1.2114691126,"is_fraud":0.0}
{"semantic_risk":0.614903142,"velocity_1h":31.0,"proxy_score":0.0,"amount_deviation":0.48151399,"is_fraud":0.0}
{"semantic_risk":0.5682834979,"velocity_1h":42.0,"proxy_score":0.0,"amount_deviation":0.5416767889,"is_fraud":0.0}
{"semantic_risk":0.2867867229,"velocity_1h":20.0,"proxy_score":0.0,"amount_deviation":1.5410825626,"is_fraud":0.0}
{"semantic_risk":0.5545114532,"velocity_1h":3.0,"proxy_score":0.0,"amount_deviation":2.5928166702,"is_fraud":0.0}
{"semantic_risk":0.4675235256,"velocity_1h":32.0,"proxy_score":0.0,"amount_deviation":0.6987969343,"is_fraud":0.0}
{"semantic_risk":0.610058008,"velocity_1h":37.0,"proxy_score":0.0,"amount_deviation":2.5368937763,"is_fraud":1.0}
{"semantic_risk":0.9304424977,"velocity_1h":33.0,"proxy_score":0.0,"amount_deviation":2.9713021132,"is_fraud":1.0}
{"semantic_risk":0.2458853836,"velocity_1h":26.0,"proxy_score":0.0,"amount_deviation":2.987741113,"is_fraud":0.0}
{"semantic_risk":0.3094383386,"velocity_1h":4.0,"proxy_score":1.0,"amount_deviation":0.171682087,"is_fraud":0.0}
{"semantic_risk":0.391079651,"velocity_1h":17.0,"proxy_score":0.0,"amount_deviation":1.7773267002,"is_fraud":0.0}
{"semantic_risk":0.2702717324,"velocity_1h":14.0,"proxy_score":0.5,"amount_deviation":1.6030324596,"is_fraud":0.0}
{"semantic_risk":0.3500149494,"velocity_1h":28.0,"proxy_score":0.0,"amount_deviation":1.6356471827,"is_fraud":0.0}
{"semantic_risk":0.9362296911,"velocity_1h":29.0,"proxy_score":0.0,"amount_deviation":0.0190952881,"is_fraud":0.0}
{"semantic_risk":0.3778842158,"velocity_1h":3.0,"proxy_score":1.0,"amount_deviation":0.1845372824,"is_fraud":0.0}
{"semantic_risk":0.7746492088,"velocity_1h":33.0,"proxy_score":0.0,"amount_deviation":1.8556807402,"is_fraud":0.0}
{"semantic_risk":0.0405672404,"velocity_1h":36.0,"proxy_score":0.0,"amount_deviation":2.5138914726,"is_fraud":0.0}
{"semantic_risk":0.2986555959,"velocity_1h":24.0,"proxy_score":0.0,"amount_deviation":0.6609923923,"is_fraud":0.0}
{"semantic_risk":0.7025911467,"velocity_1h":7.0,"proxy_score":0.0,"amount_deviation":0.0116944383,"is_fraud":0.0}
{"semantic_risk":0.4522526209,"velocity_1h":16.0,"proxy_score":1.0,"amount_deviation":1.9728010821,"is_fraud":1.0}
{"semantic_risk":0.8898578905,"velocity_1h":35.0,"proxy_score":1.0,"amount_deviation":2.7266305139,"is_fraud":1.0}
{"semantic_risk":0.4351000316,"velocity_1h":47.0,"proxy_score":0.0,"amount_deviation":0.0434873333,"is_fraud":0.0}
{"semantic_risk":0.6235597956,"velocity_1h":13.0,"proxy_score":0.0,"amount_deviation":0.1174397371,"is_fraud":0.0}
{"semantic_risk":0.5853797155,"velocity_1h":42.0,"proxy_score":0.0,"amount_deviation":2.3083511204,"is_fraud":0.0}
{"semantic_risk":0.5991317443,"velocity_1h":30.0,"proxy_score":0.0,"amount_deviation":1.755447593,"is_fraud":0.0}
{"semantic_risk":0.6556856551,"velocity_1h":39.0,"proxy_score":0.0,"amount_deviation":2.2608938216,"is_fraud":0.0}
{"semantic_risk":0.5112819814,"velocity_1h":30.0,"proxy_score":0.0,"amount_deviation":1.2536117805,"is_fraud":0.0}
{"semantic_risk":0.1936797537,"velocity_1h":38.0,"proxy_score":0.0,"amount_deviation":0.6985383008,"is_fraud":0.0}
{"semantic_risk":0.0689673822,"velocity_1h":15.0,"proxy_score":1.0,"amount_deviation":2.6389704569,"is_fraud":0.0}
{"semantic_risk":0.252045692,"velocity_1h":21.0,"proxy_score":0.0,"amount_deviation":1.2766791441,"is_fraud":0.0}
{"semantic_risk":0.0951928374,"velocity_1h":7.0,"proxy_score":1.0,"amount_deviation":1.9504024817,"is_fraud":0.0}
{"semantic_risk":0.1131293666,"velocity_1h":30.0,"proxy_score":0.5,"amount_deviation":0.8085884387,"is_fraud":0.0}
{"semantic_risk":0.280585833,"velocity_1h":8.0,"proxy_score":0.0,"amount_deviation":0.4957332671,"is_fraud":0.0}
{"semantic_risk":0.5925163521,"velocity_1h":37.0,"proxy_score":0.0,"amount_deviation":2.4291910476,"is_fraud":0.0}
{"semantic_risk":0.3432225269,"velocity_1h":21.0,"proxy_score":0.0,"amount_deviation":2.5808902989,"is_fraud":0.0}
{"semantic_risk":0.777849232,"velocity_1h":8.0,"proxy_score":0.0,"amount_deviation":2.130948862,"is_fraud":1.0}
{"semantic_risk":0.9653854625,"velocity_1h":14.0,"proxy_score":0.0,"amount_deviation":0.6717203661,"is_fraud":0.0}
{"semantic_risk":0.3318400112,"velocity_1h":21.0,"proxy_score":0.0,"amount_deviation":0.2589468729,"is_fraud":0.0}
{"semantic_risk":0.2362841309,"velocity_1h":7.0,"proxy_score":1.0,"amount_deviation":2.9390518624,"is_fraud":0.0}
{"semantic_risk":0.6878313065,"velocity_1h":21.0,"proxy_score":0.0,"amount_deviation":0.3514657837,"is_fraud":0.0}
{"semantic_risk":0.5726658253,"velocity_1h":8.0,"proxy_score":1.0,"amount_deviation":0.5728965358,"is_fraud":0.0}
{"semantic_risk":0.769557156,"velocity_1h":13.0,"proxy_score":1.0,"amount_deviation":2.9478117881,"is_fraud":1.0}
{"semantic_risk":0.6169157385,"velocity_1h":34.0,"proxy_score":0.0,"amount_deviation":2.9700553801,"is_fraud":0.0}
{"semantic_risk":0.2795184777,"velocity_1h":2.0,"proxy_score":1.0,"amount_deviation":2.5026654444,"is_fraud":1.0}
{"semantic_risk":0.911106317,"velocity_1h":34.0,"proxy_score":0.0,"amount_deviation":1.674501421,"is_fraud":1.0}
{"semantic_risk":0.5729364612,"velocity_1h":38.0,"proxy_score":0.5,"amount_deviation":0.7439458686,"is_fraud":1.0}
{"semantic_risk":0.7183105259,"velocity_1h":45.0,"proxy_score":0.0,"amount_deviation":2.0385863814,"is_fraud":1.0}
{"semantic_risk":0.6723746825,"velocity_1h":22.0,"proxy_score":0.5,"amount_deviation":2.0703295207,"is_fraud":1.0}
{"semantic_risk":0.7697941478,"velocity_1h":43.0,"proxy_score":0.0,"amount_deviation":0.3935179189,"is_fraud":0.0}
{"semantic_risk":0.752405895,"velocity_1h":19.0,"proxy_score":0.5,"amount_deviation":0.2481624379,"is_fraud":0.0}
{"semantic_risk":0.410303891,"velocity_1h":44.0,"proxy_score":0.0,"amount_deviation":2.3142557132,"is_fraud":0.0}
{"semantic_risk":0.0379259884,"velocity_1h":9.0,"proxy_score":1.0,"amount_deviation":2.1082598214,"is_fraud":0.0}
{"semantic_risk":0.4849750113,"velocity_1h":10.0,"proxy_score":0.0,"amount_deviation":0.6072009129,"is_fraud":0.0}
{"semantic_risk":0.8953483849,"velocity_1h":41.0,"proxy_score":0.0,"amount_deviation":0.375036025,"is_fraud":0.0}
{"semantic_risk":0.1445509527,"velocity_1h":26.0,"proxy_score":1.0,"amount_deviation":0.2256076023,"is_fraud":0.0}
{"semantic_risk":0.7820124014,"velocity_1h":45.0,"proxy_score":0.0,"amount_deviation":0.2116284445,"is_fraud":0.0}
{"semantic_risk":0.6553658825,"velocity_1h":48.0,"proxy_score":0.0,"amount_deviation":1.9502519215,"is_fraud":0.0}
{"semantic_risk":0.7056832379,"velocity_1h":23.0,"proxy_score":0.0,"amount_deviation":0.8864702456,"is_fraud":0.0}
{"semantic_risk":0.218104731,"velocity_1h":17.0,"proxy_score":0.0,"amount_deviation":1.0067717458,"is_fraud":0.0}
{"semantic_risk":0.0753303477,"velocity_1h":19.0,"proxy_score":0.0,"amount_deviation":1.1410793082,"is_fraud":0.0}
{"semantic_risk":0.2677821401,"velocity_1h":14.0,"proxy_score":0.0,"amount_deviation":1.0230388534,"is_fraud":0.0}
{"semantic_risk":0.6232331105,"velocity_1h":10.0,"proxy_score":1.0,"amount_deviation":0.4501234805,"is_fraud":1.0}
{"semantic_risk":0.3885816468,"velocity_1h":46.0,"proxy_score":0.0,"amount_deviation":1.6272076365,"is_fraud":0.0}
{"semantic_risk":0.2547967118,"velocity_1h":10.0,"proxy_score":0.0,"amount_deviation":1.7588897424,"is_fraud":0.0}
{"semantic_risk":0.3970605106,"velocity_1h":35.0,"proxy_score":0.0,"amount_deviation":1.3373970987,"is_fraud":0.0}
{"semantic_risk":0.7278904223,"velocity_1h":15.0,"proxy_score":0.0,"amount_deviation":1.7050300142,"is_fraud":0.0}
{"semantic_risk":0.2555172619,"velocity_1h":24.0,"proxy_score":0.0,