{
  "beta0": -0.009689705844712562,
  "betas": [
    0.8216057667849549,
    0.6615707085936392,
    -0.4264171385403655
  ],
  "layer1": [
    {
      "node": "node_x1_x4",
      "intercept": 0.005966401341109273,
      "coeffs": [
        -0.07399743781271856,
        -0.26370474926502885,
        2.126668944215227
      ],
      "inputs": [
        "x1",
        "x4"
      ]
    },
    {
      "node": "node_x1_x2",
      "intercept": -0.08181515067111939,
      "coeffs": [
        0.27537947200385815,
        19.15510787463157,
        74.26247969086677
      ],
      "inputs": [
        "x1",
        "x2"
      ]
    }
  ],
  "final_rmse": 0.09594441798057374,
  "training_samples": 35000
}