{
  "beta0": -0.03182315693629282,
  "betas": [
    0.4637858585814275,
    0.3271522987531066,
    0.6150055284601378
  ],
  "layer1": [
    {
      "node": "node_x1_x3",
      "intercept": -0.20526773314673774,
      "coeffs": [
        0.7499111135378498,
        0.14510720011432762,
        0.6482786471919368
      ],
      "inputs": [
        "x1",
        "x3"
      ]
    },
    {
      "node": "node_x1_x4",
      "intercept": -0.05134597007294043,
      "coeffs": [
        0.22421217921326703,
        -0.07839101646030035,
        0.4375176292801661
      ],
      "inputs": [
        "x1",
        "x4"
      ]
    }
  ],
  "final_rmse": 0.2850720472612663,
  "training_samples": 3500
}