{
  "beta0": -0.0318231569362933,
  "betas": [
    0.4637858585814294,
    0.3271522987531072,
    0.6150055284601372
  ],
  "layer1": [
    {
      "node": "node_x1_x3",
      "intercept": -0.2052677331467369,
      "coeffs": [
        0.7499111135378479,
        0.14510720011432685,
        0.648278647191938
      ],
      "inputs": [
        "x1",
        "x3"
      ]
    },
    {
      "node": "node_x1_x4",
      "intercept": -0.05134597007293963,
      "coeffs": [
        0.22421217921326622,
        -0.07839101646030072,
        0.4375176292801666
      ],
      "inputs": [
        "x1",
        "x4"
      ]
    }
  ],
  "final_rmse": 0.2850720472612663,
  "training_samples": 3500
}