{
  "health_score": 0.40157786193186656,
  "rmse": 0.06751334847615954,
  "status": "CRITICAL"
}