{
  "health_score": 0.40157786193186645,
  "rmse": 0.06751334847615965,
  "status": "CRITICAL"
}